[
    {
     "id": 1,
     "question": "How long does it take to create a 45-minute corporate video production?",
     "answer": "It takes most video production companies a month, on average. Bright Visions on-site Work Cell methodology means we can deliver a finished corporate industrial training video in as little as eight days"
    },
    {
     "id": 2,
     "question": "What camera should a good production company use?",
     "answer": "We use High-Definition (HD) cameras and professional DV (Digital Video) and DVCPRO cameras."
    },
    {
     "id": 3,
     "question": "Where are you located?",
     "answer": "We are based in Indonesia, but feel free to contact us for further discussion"
    },
    {
     "id": 4,
     "question": "I have existing video footage; can I use that in my video?",
     "answer": "Yes, we can incorporate any quality footage you have. Even photos can be added to your video."
    },
    {
     "id": 5,
     "question": "Do you charge per hour or per image or per video?",
     "answer": "It depends. In most cases, we will charge per image. But in some scenarios, we will have to charge per hour or per day. Sometimes we also quote a lump sum fee per package/project."
    }
]